Bearing_C_d,Bearing_C_D,Bearing_C_C_0,Bearing_C_C,Bearing_C_c,Bearing_C_T,Bearing_C_Name,Bearing_D_d,Bearing_D_D,Bearing_D_C_0,Bearing_D_C,Bearing_D_Name,Bearing_D_c,Bearing_D_T,f_s_D,L_10_D,f_s_C,L_10_C,P_d_0,P_c_0,P_d,C_da_min,D_da_min,P_c
55,90,117000,81500,0.0175,0.023,HR 32011 XJ,65,140,340000,267000,HR 32313 J,0.039,0.051,35.43607014512025,64271.861771551296,41.36589903316916,73346.72302,9594.743395856494,2828.416708801223,9640.62072,66,86,2828.416708801223
55,90,138000,91500,0.021,0.027,HR 33011 J,65,140,340000,267000,HR 32313 J,0.039,0.051,35.32101112414735,64597.87613954756,49.34688221,68737.75049,9625.998497182252,2796.529259998504,9625.998497182252,66,86,3237.893049168677
55,95,158000,112000,0.023,0.03,HR 33111 J,65,140,340000,267000,HR 32313 J,0.039,0.051,35.355178923210566,64806.40728552511,56.307515420292546,194310.1773051671,9616.695781358103,2806.0197439125277,9616.695781358103,66,86,2901.812574096646
